PublicationTitle,DatabaseIDs,PublicationDate,PublicationDOI,StudyType,SegmentationUse,SourceData,TrainingData,LabelData,Code,Modality,FileFormatsSource,FileFormatsTraining,FileFormatsLabel,DataOrigin,SegmentationType,SegmentationMethod,BiologicalScale,Notes
A novel framework for segmentation of secretory granules in electron micrographs,N/A,2014,10.1016/j.media.2013.12.008,Software,Proof-of-concept,No,N/A,No,No,TEM,N/A,N/A,N/A,this study,Semantic,Automated,Subcellular,
Cryo-FIB-SEM serial milling and block face imaging: Large volume structural analysis of biological tissues preserved close to their native state,N/A,2016,10.1016/j.jsb.2016.09.016,Method,Qualitative visualisation,No,N/A,No,No,Cryo-FIB-SEM,N/A,N/A,N/A,this study,Semantic,Automated,Subcellular,
Convolutional neural networks for automated annotation of cellular cryo-electron tomograms,"EMD-8594, EMD-8589, EMD-8590, EMD-8591, EMD-8592, EMD-8593, EMD-8594",2017,10.1038/nmeth.4405,Software,STA,No,N/A,EMDB,Github,Cryo-ET,N/A,N/A,map,"this study, public data",Instance,Automated,Subcellular,Code integrated into existing software EMAN2
Extracellular space preservation aids the connectomic analysis of neural circuits,N/A,2015,10.7554/eLife.08206,Method,Proof-of-concept,Dryad,No,No,No,SBF SEM,zipped,N/A,N/A,this study,Instance,Automated,Tissue (connectomics),
Domain adaptation for microscopy imaging,N/A,2015,10.1109/TMI.2014.2376872,Software,Proof-of-concept,Some (DIADEM),Some (DIADEM),No,Institutional - working,3D EM,tiff,swc,N/A,this study,Semantic,Automated,Subcellular,Need to find code from reference to another paper. Some data from DIADEM challenge website which is still online
Quantitative imaging of Candida utilis and its organelles by soft X-ray Nano-CT,N/A,2018,10.1111/jmi.12650,Method,Quantitative morphometry,No,N/A,No,No,X-ray microCT,N/A,N/A,N/A,this study,Semantic,Automated,Subcellular,
Crowdsourcing the creation of image segmentation algorithms for connectomics,N/A,2015,10.3389/fnana.2015.00142,Dataset,Benchmarking,Requires separate search (ISBI2012),N/A,Requires separate search (ISBI2012),N/A,ssTEM,zipped,N/A,zipped,this study,Instance,Manual,Tissue (connectomics),Paper describing ISBI 2012
"SynEM, automated synapse detection for connectomics",N/A,2017,10.7554/eLife.26414,Software,Proof-of-concept,Institutional - working,Institutional - working,No,Gitlab,SBF SEM,mat,mat,N/A,"other studies from group, public data",Instance,Automated,Tissue (connectomics),
Contrast-Enhanced Tissue Processing of Fibrillin-Rich Elastic Fibres for 3D Visualization by Volume Scanning Electron Microscopy,N/A,2021,10.3390/mps4030056,Method,Proof-of-concept,No,N/A,No,No,SBF SEM,N/A,N/A,N/A,this study,Semantic,Automated,Tissue,
Automatic segmentation of high pressure frozen and freeze-substituted mouse retina nuclei from FIB-SEM tomograms,N/A,2017,10.1016/j.jsb.2016.10.005,Software,Quantitative morphometry,No,N/A,No,Institutional - defunct,FIB SEM,N/A,N/A,N/A,this study,Semantic,Automated,Subcellular,"Uses the term ""FIB SEM tomograms"""
Large-scale automatic reconstruction of neuronal processes from electron microscopy images,N/A,2015,10.1016/j.media.2015.02.001,Software,Quantitative morphometry,Not anymore (Open Connectome Project broken link -> Neurodata),No,No,Github,ssSEM,N/A,N/A,N/A,unclear,Instance,Semi-automated,Tissue (connectomics),Defunct URL but data seems to be hosted on neurodata.io
Efficient semi-automatic 3D segmentation for neuron tracing in electron microscopy images,N/A,2015,10.1016/j.jneumeth.2015.03.005,Software,Proof-of-concept,"Requires separate search (ISBI2012, SNEMI3D)","Requires separate search (ISBI2012, SNEMI3D)",No,No,"ssTEM, ssSEM, SBF SEM","zipped, tiff","zipped, tiff",N/A,"public challenge, other studies from group",Instance,Semi-automated,Tissue (connectomics),One of the datasets was published elsewhere but doesn't seem to be publicly available
High-precision automated reconstruction of neurons with flood-filling networks,N/A,2018,10.1038/s41592-018-0049-4,Software,Quantitative morphometry,No,No,No,Github,SBF SEM,N/A,N/A,N/A,this study,Instance,Automated,Tissue (connectomics),"Data available on ""reasonable request"""
Improving the Neural Segmentation of Blurry Serial SEM Images by Blind Deblurring,N/A,2023,10.1155/2023/8936903,Software,Proof-of-concept,No,No,No,No,SBF SEM,N/A,N/A,N/A,this study,Semantic,Automated,Tissue (connectomics),Data available on request
Reconstruction of genetically identified neurons imaged by serial-section electron microscopy,N/A,2016,10.7554/eLife.15015,Method,Quantitative morphometry,Dryad,N/A,Dryad,N/A,ssTEM,zipped,N/A,zipped,this study,Instance,Manual,Tissue (connectomics),All raw data and segmentations available on Dryad
Attaching organic fibers to mineral: The case of the avian eggshell,N/A,2023,10.1016/j.isci.2023.108425,Biological,Qualitative visualisation,No,No,No,No,"X-ray microCT, FIB SEM",N/A,N/A,N/A,this study,Semantic,Semi-automated,Tissue,Data available on request
GCLR: A self-supervised representation learning pretext task for glomerular filtration barrier segmentation in TEM images,N/A,2023,10.1016/j.artmed.2023.102720,Software,Proof-of-concept,"No, some requires separate search (MitoEM)","No, some requires separate search (MitoEM)",No,No,SBF SEM,N/A,N/A,N/A,"this study, public data",Semantic,Automated,Tissue,
Morphology of mitochondria in spatially restricted axons revealed by cryo-electron tomography,N/A,2018,10.1371/journal.pbio.2006169,Biological,Quantitative morphometry,No,N/A,No,N/A,Cryo-ET,N/A,N/A,N/A,this study,Instance,Manual,Subcellular,
High-throughput ultrastructure screening using electron microscopy and fluorescent barcoding,N/A,2019,10.1083/jcb.201812081,Method,Quantitative morphometry,No,N/A,No,"Github, institutional - defunct",EM,N/A,N/A,N/A,this study,Instance,Automated,Cellular,Some of the code sources are hosted on defunct institutional pages
Adversarial domain adaptation for cross data source macromolecule in situ structural classification in cellular electron cryo-tomograms,N/A,2019,10.1093/bioinformatics/btz364,Software,Proof-of-concept,No,No,No,Github,Cryo-ET,N/A,N/A,N/A,this study,Instance,Automated,SPA/STA,"Code available on the lab's github, unclear which repo this paper is referring to"
Automatic Reconstruction of Mitochondria and Endoplasmic Reticulum in Electron Microscopy Volumes by Deep Learning,N/A,2020,10.3389/fnins.2020.00599,Software,Proof-of-concept,No,No,No,No,ssTEM,N/A,N/A,N/A,this study,Instance,Automated,Subcellular,"""Datasets are not publicly available because the datasets are being used for other studies. Requests to access the datasets should be directed to …"""
Quantifying Variability of Manual Annotation in Cryo-Electron Tomograms,"EMD-8173, EMD-8174",2016,10.1017/S1431927616000799,Other,Other,EMDB,N/A,EMDB,N/A,Cryo-ET,map,N/A,map,this study,Semantic,Manual,Subcellular,
Particle segmentation algorithm for flexible single particle reconstruction,N/A,2017,10.1007/s41048-017-0038-7,Software,SPA,No,N/A,No,Github,Cryo-EM,N/A,N/A,N/A,"other studies from group, other studies from different group not publicly available",Instance,Automated,SPA/STA,
High-Resolution 3D Reconstruction of Human Oocytes Using Focused Ion Beam Scanning Electron Microscopy,N/A,2021,10.3389/fcell.2021.755740,Method,Quantitative morphometry,No,No,No,N/A,FIB SEM,N/A,N/A,N/A,this study,Semantic,Manual,Subcellular,"""The raw data supporting the conclusions of this article will be made available by the authors, without undue reservation."""
The benefit of thresholding carbon layers in electron tomographic tilt series by intensity downshifting,N/A,2017,10.1111/jmi.12498,Method,Proof-of-concept,No,N/A,No,No,Electron Tomography,N/A,N/A,N/A,other studies from group,Semantic,Unclear,Tissue,
Synchrotron-based phase-contrast micro-CT as a tool for understanding pulmonary vascular pathobiology and the 3-D microanatomy of alveolar capillary dysplasia,N/A,2020,10.1152/ajplung.00103.2019,Method,Qualitative visualisation,No,N/A,No,N/A,Synchrotron X-ray microCT,N/A,N/A,N/A,this study,Semantic,Manual,Tissue (airways),
High-resolution scanning electron microscopy for the analysis of three-dimensional ultrastructure of clots in acute ischemic stroke,N/A,2021,10.1136/neurintsurg-2020-016709,Biological,Quantitative morphometry,No,N/A,No,N/A,SBF SEM,N/A,N/A,N/A,this study,Semantic,Unclear,Tissue,"Scans are of patient samples, data available on reasonable request"
Multi-class segmentation of neuronal structures in electron microscopy images,CCDB-8192,2018,10.1186/s12859-018-2305-0,Software,Proof-of-concept,Requires separate search (Cell-centred database),No,No,No,"SBF SEM, FIB SEM",mrc,N/A,N/A,public data,Instance,Automated,Subcellular,"URL in the article is defunct, but the cell centered database is still online"
Learning normalized inputs for iterative estimation in medical image segmentation,N/A,2018,10.1016/j.media.2017.11.005,Software,Proof-of-concept,Requires separate search (ISBI2012),No,No,No,ssTEM,zipped,N/A,N/A,public challenge,Semantic,Automated,Tissue (connectomics),
An automated workflow for segmenting single adult cardiac cells from large-volume serial block-face scanning electron microscopy data,N/A,2018,10.1016/j.jsb.2018.02.005,Software,Quantitative morphometry,Github,N/A,Github,Github,SBF SEM,zipped,N/A,zipped,this study,Semantic,Semi-automated,Subcellular,Downsampled images only available
3D imaging of the early embryonic chicken heart with focused ion beam scanning electron microscopy,N/A,2014,10.1017/S1431927614000828,Method,Quantitative morphometry,No,N/A,No,N/A,FIB SEM,N/A,N/A,N/A,this study,Semantic,Manual,Tissue,
Semantic segmentation of HeLa cells: An objective comparison between one traditional algorithm and four deep-learning architectures,EMPIAR-10094,2020,10.1371/journal.pone.0230605,Software,Benchmarking,EMPIAR,Zenodo,Zenodo,Github,SBF SEM,dm4,mat,mat,this study,Semantic,Automated,Subcellular,Really well documented with code and data easily available
Residual Deconvolutional Networks for Brain Electron Microscopy Image Segmentation,N/A,2017,10.1109/TMI.2016.2613019,Software,Proof-of-concept,"Requires separate search (ISBI2012, SNEMI3D)",No,No,No,"ssTEM, SBF SEM",zipped,N/A,N/A,public challenge,Semantic,Automated,Tissue (connectomics),
Mineralized scale patterns on the cell periphery of the chrysophyte Mallomonas determined by comparative 3D Cryo-FIB SEM data processing,N/A,2020,10.1016/j.jsb.2019.10.005,Biological,Quantitative morphometry,Institutional - working,N/A,Institutional - working,N/A,Cryo-FIB-SEM,tiff,N/A,tiff,this study,Instance,Manual,Cellular,
Mitochondria Segmentation From EM Images via Hierarchical Structured Contextual Forest,N/A,2020,10.1109/JBHI.2019.2961792,Software,Proof-of-concept,Institutional - working,Institutional - working,No,No,"FIB SEM, SBF SEM",tiff,tiff,N/A,public data,Semantic,Automated,Subcellular,
Sequential semi-supervised segmentation for serial electron microscopy image with small number of labels,N/A,2021,10.1016/j.jneumeth.2021.109066,Software,Proof-of-concept,Requires separate search (ISBI2012),Requires separate search (ISBI2012),No,Github,"ssTEM, SBF SEM",zipped,zipped,N/A,"public challenge, other studies from group, other studies from different group not publicly available",Semantic,Automated,Tissue (connectomics),
DRPnet: automated particle picking in cryo-electron micrographs using deep regression,N/A,2021,10.1186/s12859-020-03948-x,Software,Proof-of-concept,EMPIAR,EMPIAR,No,Github,Cryo-EM,mrc,dat,N/A,public data,N/A,Automated,Particle picker,
Construction of a rat spinal cord atlas of axon morphometry,N/A,2019,10.1016/j.neuroimage.2019.116156,Software,Quantitative morphometry,White Matter Microscopy Database,N/A,Github,Github,SBF SEM,nii,N/A,nii,this study,Instance,Semi-automated,Tissue (connectomics),"Atlas creation, full dataset available"
MSU-Net: Multi-Scale U-Net for 2D Medical Image Segmentation,N/A,2021,10.3389/fgene.2021.639930,Software,Proof-of-concept,Requires separate search (ISBI2012),No,No,Github,"ssTEM, SBF SEM",zipped,N/A,N/A,public challenge,Semantic,Automated,Tissue (connectomics),
Capsid Structure of Aleutian Mink Disease Virus and Human Parvovirus 4: New Faces in the Parvovirus Family Portrait,N/A,2022,10.3390/v14102219,Biological,SPA,No,N/A,EMDB,N/A,Cryo-EM,N/A,N/A,map,this study,N/A,N/A,SPA,Have a closer look to see which terminology is used here
Visual Correspondences for Unsupervised Domain Adaptation on Electron Microscopy Images,N/A,2020,10.1109/TMI.2019.2946462,Software,Proof-of-concept,Some (Github),No,No,No,FIB SEM,tiff,N/A,N/A,public data,Semantic,Automated,Subcellular,
TMD-Unet: Triple-Unet with Multi-Scale Input Features and Dense Skip Connection for Medical Image Segmentation,N/A,2021,10.3390/healthcare9010054,Software,Proof-of-concept,Requires separate search (ISBI2012),No,No,No,ssTEM,zipped,N/A,N/A,public challenge,Semantic,Automated,Tissue (connectomics),
"Myogenesis of Siboglinum fiordicum sheds light on body regionalisation in beard worms (Siboglinidae, Annelida)",N/A,2021,10.1186/s12983-021-00426-9,Biological,Qualitative visualisation,No,N/A,No,N/A,ssTEM,N/A,N/A,N/A,this study,Semantic,Manual,Tissue,All data available by personal request
Automatic detection of synaptic partners in a whole-brain Drosophila electron microscopy data set,N/A,2021,10.1038/s41592-021-01183-7,Software,Proof-of-concept,CREMI,CREMI,No,Github,ssTEM,hdf5,hdf5,N/A,public challenge,Instance,Automated,Tissue (connectomics),"Github is nice and clear, pre-trained models available"
EM-stellar: benchmarking deep learning for electron microscopy image segmentation,N/A,2021,10.1093/bioinformatics/btaa1094,Software,Benchmarking,Github,Github,Github,Github,"FIB SEM, SBF SEM",png,png,png,public data,Semantic,Automated,Subcellular,Platform to compare different DL methods
PickYOLO: Fast deep learning particle detector for annotation of cryo electron tomograms,N/A,2023,10.1016/j.jsb.2023.107990,Software,Particle picker,No,No,No,Gitlab,Cryo-EM,N/A,N/A,N/A,other studies from different group not publicly available,N/A,Automated,Subcellular,
Whole-cell imaging of the budding yeast Saccharomyces cerevisiae by high-voltage scanning transmission electron tomography,N/A,2014,10.1016/j.ultramic.2014.05.008,Method,Qualitative visualisation,No,N/A,No,N/A,"TEM, electron tomography, STEM",N/A,N/A,N/A,this study,Semantic,Manual,Subcellular,
FIB-SEM as a Volume Electron Microscopy Approach to Study Cellular Architectures in SARS-CoV-2 and Other Viral Infections: A Practical Primer for a Virologist,EMPIAR-10677,2021,10.3390/v13040611,Biological,Quantitative morphometry,No (EMPIAR entry does not exist),N/A,No (EMPIAR entry does not exist),N/A,FIB SEM,N/A,N/A,N/A,this study,Semantic,Manual,Tissue,"Crowdsourced annotations, EMPIAR entry doesn't seem to exist (EMPIAR-10677)"
Transverse endoplasmic reticulum expansion in hereditary spastic paraplegia corticospinal axons,N/A,2022,10.1093/hmg/ddac072,Biological,Quantitative morphometry,OpenOrganelle,N/A,No,No,FIB SEM,n5,N/A,N/A,this study,Semantic,Semi-automated,Tissue (connectomics),Used a commercial segmentation service (ariadne.ai). Unclear which OpenOrganelle dataset this publication used
Three-dimensional imaging of Drosophila motor synapses reveals ultrastructural organizational patterns,N/A,2016,10.1080/01677063.2016.1253693,Biological,Quantitative morphometry,No,N/A,No,N/A,Electron tomography,N/A,N/A,N/A,this study,Semantic,Manual,Tissue,
Semi-Supervised Neuron Segmentation via Reinforced Consistency Learning,N/A,2022,10.1109/TMI.2022.3176050,Software,Proof-of-concept,Neurodata,Neurodata,No,Github,ssTEM,Any - accessed with API,Any - accessed with API,N/A,public data,Instance,Automated,Tissue (connectomics),Provided trained models too!
Segmentation of cellular ultrastructures on sparsely labeled 3D electron microscopy images using deep learning,N/A,2023,10.3389/fbinf.2023.1308708,Software,Quantitative morphometry,No,No,No,No,FIB SEM,N/A,N/A,N/A,this study,Instance,Automated,Subcellular,"""The raw data supporting the conclusion of this article will be made available by the authors, without undue reservation"". Tissue was human tumour samples"
Defining Mitochondrial Cristae Morphology Changes Induced by Aging in Brown Adipose Tissue,N/A,2024,10.1002/adbi.202300186,Biological,Quantitative morphometry,No,N/A,No,N/A,SBF SEM,N/A,N/A,N/A,this study,Instance,Manual,Subcellular,
Structure Detection in Three-Dimensional Cellular Cryoelectron Tomograms by Reconstructing Two-Dimensional Annotated Tilt Series,"EMD-4191, EMD-3196, EMD-3913, EMD-3914, EMD-3915, EMD-3917",2022,10.1089/cmb.2021.0606,Software,Proof-of-concept,References other paper,No,No,No,Cryo-ET,N/A,N/A,N/A,public data,Semantic,Automated,Subcellular,Some data only on EMDB and only found through citation
Axon and Myelin Sheath Segmentation in Electron Microscopy Images using Meta Learning,N/A,2022,10.1109/aipr57179.2022.10092238,Software,Proof-of-concept,References other paper,No,No,No,TEM,N/A,N/A,N/A,public data,Semantic,Automated,Tissue (connectomics),
Segmentation and Modelling of the Nuclear Envelope of HeLa Cells Imaged with Serial Block Face Scanning Electron Microscopy,EMPIAR-10094,2019,10.3390/jimaging5090075,Software,Quantitative morphometry,EMPIAR,Zenodo,Github,Github,SBF SEM,dm4,mat,mat,this study,Instance,Automated,Cellular,
Molecular organization of the early stages of nucleosome phase separation visualized by cryo-electron tomography,"EMD-24888, EMD-24901, EMD-24902, EMD-24903, EMD-24914, EMD-24915, EMD-24916, EMD-24917, EMD-24918, EMD-24919, EMD-24920, EMD-24921, EMD-24923, EMD-24924, EMD-24925, EMD-24926, EMD-24904, EMD-24905, EMD-24906, EMD-24907, EMD-24908, EMD-24909, EMD-24910, EMD-24911, EMD-24912, EMD24913",2022,10.1016/j.molcel.2022.06.032,Biological,Quantitative morphometry,EMDB,N/A,EMDB,N/A,Cryo-ET,map,N/A,map,this study,Semantic,Automated,Subcellular,"Closer look to see what they mean by ""segmentation"""
High-throughput segmentation of unmyelinated axons by deep learning,N/A,2022,10.1038/s41598-022-04854-3,Software,Qualitative visualisation,SPARC,SPARC,SPARC,Github,TEM,tiff,xml,png,this study,Semantic,Automated,Tissue (connectomics),SPARC repository has a fair amount of metadata and is nicely curated
Towards unsupervised classification of macromolecular complexes in cryo electron tomography: Challenges and opportunities,EMD-3967. EMD-12749,2022,10.1016/j.cmpb.2022.107017,Software,STA,"SHREC, EMDB",SHREC,No,No,Cryo-EM,"zipped, map",zipped,N/A,"public challenge, public data",N/A,Automated,SPA,
U-RISC: An Annotated Ultra-High-Resolution Electron Microscopy Dataset Challenging the Existing Deep Learning Algorithms,N/A,2022,10.3389/fncom.2022.842760,Dataset,Benchmarking,"Google Drive, MEGA, Baidu Cloud","Google Drive, MEGA, Baidu Cloud",Github,N/A,ssTEM,zipped,zipped,zipped,this study,Semantic,N/A,Cellular,
"AimSeg: A machine-learning-aided tool for axon, inner tongue and myelin segmentation",N/A,2023,10.1371/journal.pcbi.1010845,Software,Proof-of-concept,Zenodo,Zenodo,DIY,Github,TEM,zipped,zipped,N/A,this study,Instance,Semi-automated,Tissue (connectomics),
Interactions between the Trimeric Autotransporter Adhesin EmaA and Collagen Revealed by Three-Dimensional Electron Tomography,N/A,2019,10.1128/JB.00297-19,Biological,STA,No,N/A,No,N/A,Electron tomography,N/A,N/A,N/A,this study,SPA/STA,Manual,SPA/STA,Needs a closer look as they do segmentation and STA here
Tracing the opposing assimilate and nutrient flows in live conifer needles,N/A,2023,10.1093/jxb/erad334,Biological,Quantitative morphometry,No,No,No,No,X-ray microCT,N/A,N/A,N/A,this study,Semantic,Semi-automated,Tissue,Data available on request
Instance segmentation of mitochondria in electron microscopy images with a generalist deep learning model trained on a diverse dataset,"EMPIAR-11035, EMPIAR-11037, EMPIAR-10982",2023,10.1016/j.cels.2022.12.006,Dataset,Proof-of-concept,EMPIAR,EMPIAR,EMPIAR,"Github, Zenodo",EM,tiff,tiff,tiff,"other studies from group, public data",Instance,Automated,Subcellular,
3D reconstruction of the cerebellar germinal layer reveals tunneling connections between developing granule cells,N/A,2023,10.1126/sciadv.adf3471,Biological,Quantitative morphometry,BossDB,N/A,BossDB,Github,ssSEM,Any - accessed with API,N/A,Any - accessed with API,this study,Instance,Semi-automated,Tissue (connectomics),
From voxels to knowledge: a practical guide to the segmentation of complex electron microscopy 3D-data,N/A,2014,10.3791/51673,Method,Proof-of-concept,No,No,No,No,"FIB SEM, SBF SEM",N/A,N/A,N/A,other studies from group,Semantic,Semi-automated,Any,"Review of different approaches to segmentation, more of a practical guide"
An AI-based approach for detecting cells and microbial byproducts in low volume scanning electron microscope images of biofilms,N/A,2022,10.3389/fmicb.2022.996400,Software,Proof-of-concept,No,No,No,No,SEM,N/A,N/A,N/A,this study,Semantic,Automated,Tissue,Data available on request
A morphometric analysis of the osteocyte canaliculus using applied automatic semantic segmentation by machine learning,N/A,2022,10.1007/s00774-022-01321-x,Software,Quantitative morphometry,No,No,No,No,FIB SEM,N/A,N/A,N/A,this study,Semantic,Automated,Tissue,
Towards Generalizable Organelle Segmentation in Volume Electron Microscopy,N/A,2023,10.1093/micmic/ozad067.487,Dataset,Dataset,OpenOrganelle,N/A,OpenOrganelle,Github,FIB SEM,n5,N/A,n5,other studies from group,Instance,Manual,Subcellular,Short article describing Open Organelle (though this is not the main Open Organelle paper)
Deep neural network automated segmentation of cellular structures in volume electron microscopy,N/A,2023,10.1083/jcb.202208005,Software,Quantitative morphometry,OpenOrganelle,No,OpenOrganelle,Github,FIB SEM,"zarr, tiff",N/A,"zarr, tiff",this study,Semantic,Automated,Subcellular,"Acquired for this study, open organelle. Data depsoited in S3 buckets with QuiltData"
Segmentation by classification: A novel and reliable approach for semi-automatic selection of HIV/SIV envelope spikes,N/A,2020,10.1016/j.jsb.2019.107426,Software,Proof-of-concept,No,N/A,No,Website - working,Cryo-ET,N/A,N/A,N/A,this study,Semantic,Semi-automated,Subcellular,"Only code is available online, link to the protomo website https://electrontomography.org/"
Sparse Scanning Electron Microscopy Data Acquisition and Deep Neural Networks for Automated Segmentation in Connectomics,N/A,2020,10.1017/S1431927620001361,Method,Proof-of-concept,No,No,No,No,SEM,N/A,N/A,N/A,this study,Semantic,Automated,Cellular,
AMST: Alignment to Median Smoothed Template for Focused Ion Beam Scanning Electron Microscopy Image Stacks,"EMPIAR-10311, EMPIAR-10310",2020,10.1038/s41598-020-58736-7,Method,Proof-of-concept,EMPIAR,No,No,No,FIB SEM,tiff,N/A,N/A,this study,Semantic,Automated,Subcellular,"Raw data on EMPIAR but not segmentation, though segmentation was just used to qualitatively show their alignment method works"
Automatic identification of crossovers in cryo-EM images of murine amyloid protein A fibrils with machine learning,N/A,2020,10.1111/jmi.12858,Software,Proof-of-concept,No,No,No,No,Cryo-EM,N/A,N/A,N/A,other studies from group,Semantic,Automated,Subcellular,Data on EMDB but you have to go to another cited paper to find this out. Only the Cryo-EM structure from SPA was deposited.
Presynaptic Mitochondria Volume and Abundance Increase during Development of a High-Fidelity Synapse,N/A,2019,10.1523/JNEUROSCI.0363-19.2019,Biological,Quantitative morphometry,Mendeley,N/A,Mendeley,Mendeley,SBF SEM,tiff,N/A,"obj, blender, am",this study,Instance,Semi-automated,Subcellular,
Automatic Segmentation of Pathological Glomerular Basement Membrane in Transmission Electron Microscopy Images with Random Forest Stacks,N/A,2019,10.1155/2019/1684218,Software,Proof-of-concept,No,No,No,No,TEM,N/A,N/A,N/A,this study,Semantic,Semi-automated,Cellular,Data available on request
Learning cellular morphology with neural networks,N/A,2019,10.1038/s41467-019-10836-3,Software,Proof-of-concept,No,No,No,Github,SBF SEM,N/A,N/A,N/A,other studies from group,Instance,Semi-automated,Subcellular,Data available on request
DSeg: A Dynamic Image Segmentation Program to Extract Backbone Patterns for Filamentous Bacteria and Hyphae Structures,N/A,2019,10.1017/S1431927619000308,Software,Quantitative morphometry,No,N/A,No,No,TEM,N/A,N/A,N/A,this study,Instance,Automated,Cellular,"Code is supposed to be on sourceforge but can't easily find a link. However it's there in the supplementary data, though you have to download the supplementary data to find this out."
Structural design of the minute clypeasteroid echinoid Echinocyamus pusillus,N/A,2018,10.1098/rsos.171323,Biological,Quantitative morphometry,Dryad,N/A,No,N/A,"X-ray microCT, SEM",zipped,N/A,N/A,this study,Semantic,Manual,Tissue,Data deposited in Dryad
Neuron Segmentation With High-Level Biological Priors,N/A,2018,10.1109/TMI.2017.2712360,Software,Proof-of-concept,References other paper,No,No,"Might be part of Ilastik, but unsure.","FIB SEM, ssTEM",N/A,N/A,N/A,other studies from group,Instance,Automated,Tissue (connectomics),Unclear where first dataset comes from. Second dataset is from Open Connectome but you have to go to the cited paper and read more closely to find out
Automatic Mitochondria Segmentation for EM Data Using a 3D Supervised Convolutional Network,N/A,2018,10.3389/fnana.2018.00092,Software,Proof-of-concept,Institutional - working; Institutional - defunct,No,Institutional - working; Institutional - defunct,No,"ATUM SEM, FIB SEM",tiff,N/A,tiff,"this study, other studies from different group publicly available",Instance,Automated,Subcellular,"Institutional EPFL repository, you have to manually figure out which one of the datasets was used in this paper as it links to their general data repository for the group. One of the URLs was defunct"
CDeep3M-Plug-and-Play cloud-based deep learning for image segmentation,N/A,2018,10.1038/s41592-018-0106-z,Software,Proof-of-concept,"Some (Cell Image Library, Github, own website - working)",Some (Github),No,Github,Any,png,png,N/A,this study,Any,Automated ,Any,Sample data on Github and Cell Image Library. This is a platform for running deep learning segmentation. Many example datasets at their website https://cdeep3m.crbs.ucsd.edu/home/pre_trained_models for pre-trained models
Fully-Automatic Synapse Prediction and Validation on a Large Data Set,N/A,2018,10.3389/fncir.2018.00087,Software,Proof-of-concept,Institutional - working (FlyEM),No,No,Github,FIB SEM,Any - accessed with API,N/A,N/A,public data,Instance,Automated,Tissue (connectomics),Janelia FlyEM
Three-dimensional visualization and a deep-learning model reveal complex fungal parasite networks in behaviorally manipulated ants,N/A,2017,10.1073/pnas.1711673114,Biological,Quantitative morphometry,Institutional - working,No,No,"Maybe, references another paper for method",SBF SEM,dm4,N/A,N/A,this study,Semantic,Semi-automated,Tissue,
DeepEM3D: approaching human-level performance on 3D anisotropic EM image segmentation,N/A,2017,10.1093/bioinformatics/btx188,Software,Proof-of-concept,Requires separate search (SNEMI3D),Requires separate search (SNEMI3D),DIY,Github,ssSEM,tiff,tiff,N/A,public challenge,Instance,Automated,Tissue (connectomics),SNEMI3D URL does not work anymore (brainiac2.mit.edu/SNEMI3D)
Quantifying Mesoscale Neuroanatomy Using X-Ray Microtomography,N/A,2017,10.1523/ENEURO.0195-17.2017,Software,Quantitative morphometry,Github,Github,DIY,Github,Synchrotron X-ray microCT,tiff,nrrd,N/A,this study,Semantic,Automated,Tissue (connectomics),"Calculated quality metrics of their annotations, including interrater reliability"
A validated active contour method driven by parabolic arc model for detection and segmentation of mitochondria,EMD-6471,2016,10.1016/j.jsb.2016.03.002,Software,Proof-of-concept,Requires separate search (Cell-centred database),N/A,No,No,Electron tomography,N/A,N/A,N/A,public data,Semantic,Automated,Subcellular,
Deep models for brain EM image segmentation: novel insights and improved performance,N/A,2016,10.1093/bioinformatics/btw165,Software,Proof-of-concept,Requires separate search (ISBI2012),No,No,Github,ssTEM,zipped,N/A,N/A,public challenge,Instance,Automated,Tissue (connectomics),
Hierarchical detection and analysis of macromolecular complexes in cryo-electron tomograms using Pyto software,N/A,2016,10.1016/j.jsb.2016.10.004,Software,Quantitative morphometry,No,N/A,No,No,Cryo-ET,N/A,N/A,N/A,this study,Semantic,Automated,Subcellular,"""Pyto is completely open-source and it is available on demand."""
3-dimensional electron microscopic imaging of the zebrafish olfactory bulb and dense reconstruction of neurons,N/A,2016,10.1038/sdata.2016.100,Dataset,Proof-of-concept,"Neurodata, Zenodo",N/A,"Neurodata, Zenodo",Github,SBF SEM,"tiff, Any - accessed with API",N/A,nmx,this study,Instance,N/A,Tissue (connectomics),Neurodata/pyknossos paper
A context-aware delayed agglomeration framework for electron microscopy segmentation,N/A,2015,10.1371/journal.pone.0125825,Software,Proof-of-concept,Institutional - working (FlyEM),No,DIY,Github,"FIB SEM, ssTEM",tiff,N/A,N/A,other studies from group,Instance,Semi-automated,Tissue (connectomics),
Automated tracing of myelinated axons and detection of the nodes of Ranvier in serial images of peripheral nerves,N/A,2015,10.1111/jmi.12266,Software,Quantitative morphometry,Institutional - defunct,Institutional - defunct,Institutional - defunct,Institutional - defunct,SBF SEM ,N/A,N/A,N/A,other studies from group,Instance,Automated,Tissue (connectomics),Data doesn't seem to be on the institutional repository anymore
SegEM: Efficient Image Analysis for High-Resolution Connectomics,N/A,2015,10.1016/j.neuron.2015.09.003,Software,Proof-of-concept,No,No,No,Supplementary Info,SBF SEM,N/A,N/A,N/A,other studies from group,Instance,Semi-automated,Tissue (connectomics),Used unpublished data and also referenced data from another paper. Code attached to paper with .zip file. Provides screenshots of training data 3D rendering as a pdf in supplementary
A metameric origin for the annelid pygidium?,N/A,2015,10.1186/s12862-015-0299-z,Biological,Qualitative visualisation,No,N/A,No,N/A,"TEM, SEM",N/A,N/A,N/A,this study,Semantic,Manual,Tissue,"Says ""reconstruction"" which I think means segmentation here. But also uses ""segmentation"" as a biological term"
Head morphology of Tricholepidion gertschi indicates monophyletic Zygentoma,N/A,2014,10.1186/1742-9994-11-16,Biological,Qualitative visualisation,No,N/A,Supplementary Info,N/A,"Synchrotron X-ray microCT, SEM",N/A,N/A,blend,this study,Semantic,Manual,Tissue,
Segmentation of neuronal structures using SARSA (λ)-based boundary amendment with reinforced gradient-descent curve shape fitting,N/A,2014,10.1371/journal.pone.0090873,Software,Proof-of-concept,Requires separate search (ISBI2012),Requires separate search (ISBI2012),No,No,ssTEM,zipped,zipped,N/A,public challenge,Semantic,Automated,Tissue (connectomics),Available from ImageJ downloads but you have to search for it separately as the URL doesn't work anymore.
A workflow for the automatic segmentation of organelles in electron microscopy image stacks,N/A,2014,10.3389/fnana.2014.00126,Software,Proof-of-concept,No,Institutional - working,No,Institutional - working,SBF SEM,N/A,zipped,N/A,this study,Semantic,Automated,Tissue (connectomics),Institutional repository which still works
A modular hierarchical approach to 3D electron microscopy image segmentation,N/A,2014,10.1016/j.jneumeth.2014.01.022,Software,Proof-of-concept,"Requires separate search (ISBI2012, SNEMI3D)","Requires separate search (ISBI2012, SNEMI3D)",No,No,ssTEM,"zipped, tiff","zipped, tiff",N/A,public challenge,Instance,Semi-automated,Tissue (connectomics),Have to look pretty hard to find the data
Three-dimensional reconstruction of skeletal muscle extracellular matrix ultrastructure,N/A,2014,10.1017/S1431927614013300,Method,Proof-of-concept,No,N/A,No,N/A,SBF SEM,N/A,N/A,N/A,this study,Semantic,"Manual, semi-automated",Subcellular,"Videos going through the slices were available, not sure these can be used as masks without downloading"
Simultaneous analysis of shape and internal structure of a curved Hibiscus cannabinus pulvinus: X-ray microtomography and semi-automated quantification,N/A,2024,10.1007/s10265-023-01498-w,Biological,Quantitative morphometry,Zenodo,N/A,No,No,MicroCT,hdf5,N/A,N/A,this study,Semantic,Automated,Organ (plant),
Automatic 3D cell segmentation of fruit parenchyma tissue from X-ray micro CT images using deep learning,N/A,2024,10.1186/s13007-024-01137-y,Software,Benchmarking,No,No,No,Github,MicroCT,N/A,N/A,N/A,this study,Semantic,Automated,Organ (plant),
A fully automated micro‑CT deep learning approach for precision preclinical investigation of lung fibrosis progression and response to therapy,N/A,2023,10.1186/s12931-023-02432-3,Biological,Quantitative morphometry,No,No,No,No,MicroCT,N/A,N/A,N/A,this study,Semantic,Automated,Organ (animal),
3D segmentation of plant root systems using spatial pyramid pooling and locally adaptive field-of-view inference,N/A,2023,10.3389/fpls.2023.1120189,Software,Proof-of-concept,No,No,No,No,MicroCT,N/A,N/A,N/A,this study,Semantic,Automated,Organ (plant),
Attaching organic fibers to mineral: The case of the avian eggshell,N/A,2023,10.1016/j.isci.2023.108425,Biological,Quantitative morphometry,No,No,No,N/A,"MicroCT, FIBSEM, Electron tomography",N/A,N/A,N/A,this study,Semantic,Semi-automated,Tissue,
"High-throughput segmentation, data visualization, and analysis of sea star skeletal networks",N/A,2023,10.1016/j.jsb.2023.107955,Biological,Quantitative morphometry,No,N/A,No,N/A,MicroCT,N/A,N/A,N/A,this study,Semantic,Semi-automated,Organism (sea stars),
Enhanced contrast synchrotron X-ray microtomography for describing skeleton-associated soft tissue defects in zebrafish mutants,N/A,2023,10.3389/fendo.2023.1108916,Method,Proof-of-concept,No,N/A,No,N/A,MicroCT,N/A,N/A,N/A,this study,Semantic,Manual,Tissue,
Application-specific approaches to MicroCT for evaluation of mouse models of pulmonary disease,N/A,2023,10.1371/journal.pone.0281452,Method,Quantitative morphometry,No,N/A,No,N/A,MicroCT,N/A,N/A,N/A,this study,Semantic,Semi-automated,Tissue,
Automated quantification of vacuole fusion and lipophagy in Saccharomyces cerevisiae from fluorescence and cryo-soft X-ray microscopy data using deep learning,N/A,2023,10.1080/15548627.2023.2270378,Method,Quantitative morphometry,Zenodo,Zenodo,No,Github,MicroCT,tiff,tiff,N/A,this study,Instance,Automated,Subcellular,
3D-imaging and quantitative assessment for size-related penetration of HfO(2) nanoparticles in breast cancer tumor by synchrotron radiation microcomputed tomography,N/A,2023,10.1016/j.aca.2023.341352,Biological,Quantitative morphometry,No,N/A,No,N/A,MicroCT,N/A,N/A,N/A,this study,Semantic,Automated,Tissue,
Application of Machine Learning for Segmentation of the Pulmonary Acinus Imaged by Synchrotron X-Ray Tomography,N/A,2023,10.1089/jamp.2022.0051,Software,Proof-of-concept,No,No,No,No,MicroCT,N/A,N/A,N/A,other studies from group,Semantic,Automated,Tissue,
3D surface reconstruction of cellular cryo-soft X-ray microscopy tomograms using semisupervised deep learning,EMPIAR-11392,2023,10.1073/pnas.2209938120,Software,Quantitative morphometry,EMPIAR,Institutional - working,No,Github,MicroCT,mrc,npz,N/A,this study,Instance,Automated,Subcellular,
Segmentation of trabecular bone microdamage in Xray microCT images using a two-step deep learning method,N/A,2023,10.1016/j.jmbbm.2022.105540,Software,Proof-of-concept,No,No,No,No,MicroCT,N/A,N/A,N/A,this study,Semantic,Automated,Tissue,
Three-dimensional analysis of human pancreatic cancer specimens by phase-contrast based X-ray tomography - the next dimension of diagnosis,N/A,2023,10.1186/s40644-023-00559-6,Method,Qualitative visualisation,No,No,No,N/A,MicroCT,N/A,N/A,N/A,this study,Semantic,Semi-automated,Tissue,
Nondestructive 3D phenotyping method of passion fruit based on X-ray micro-computed tomography and deep learning,N/A,2023,10.3389/fpls.2022.1087904,Method,Quantitative morphometry,No,No,No,No,MicroCT,N/A,N/A,N/A,this study,Semantic,Automated,Organ (fruit),
Correlative study of liquid in human bone by 3D neutron microscopy and lab-based X-ray μCT,N/A,2023,10.1016/j.bone.2023.116837,Method,Proof-of-concept,Zenodo,N/A,No,N/A,"MicroCT, Neutron imaging",tiff,N/A,N/A,this study,Semantic,Automated,Tissue,
"Contour, a semi-automated segmentation and quantitation tool for cryo-soft-X-ray tomography",EMPIAR-10972,2022,10.1017/S2633903X22000046,Software,Proof-of-concept,"EMPIAR, Institutional - working",N/A,Github,Github,MicroCT,zipped,N/A,tiff,this study,Semantic,Automated,Subcellular,
Microvascular imaging of the unstained human superior colliculus using synchrotron-radiation phase-contrast microtomography,N/A,2022,10.1038/s41598-022-13282-2,Method,Quantitative morphometry,No,N/A,No,N/A,MicroCT,N/A,N/A,N/A,this study,Semantic,Manual,Tissue,
A morphometric analysis of the osteocyte canaliculus using applied automatic semantic segmentation by machine learning,N/A,2022,10.1007/s00774-022-01321-x,Method,Proof-of-concept,No,No,No,N/A,FIB SEM,N/A,N/A,N/A,this study,Semantic,Automated,Tissue (bone),
Auto-segmentation and time-dependent systematic analysis of mesoscale cellular structure in β-cells during insulin secretion,N/A,2022,10.1371/journal.pone.0265567,Software,Quantitative morphometry,No,No,No,Github,MicroCT,N/A,N/A,N/A,other studies from group,Instance,Automated,Subcellular,
SuRVoS 2: Accelerating Annotation and Segmentation for Large Volumetric Bioimage Workflows Across Modalities and Scales,"EMPIAR-10562, EMPIAR-10416, S-BIAD19",2022,10.3389/fcell.2022.842342,Software,Proof-of-concept,"EMPIAR, Bioimage Archive",No,No,Github,MicroCT,"tiff, dv, mrc",N/A,N/A,other studies from group,Instance,Semi-automated,Any,
Analysis of type I osteoporosis animal models using synchrotron radiation,N/A,2022,10.1002/jemt.23911,Biological,Quantitative morphometry,No,N/A,No,N/A,MicroCT,N/A,N/A,N/A,this study,Semantic,Semi-automated,Tissue (bone),
Examining atherosclerotic lesions in three dimensions at the nanometer scale with cryo-FIB-SEM,N/A,2022,10.1073/pnas.2205475119,Method,Proof-of-concept,No,N/A,No,N/A,Cryo-FIB-SEM,N/A,N/A,N/A,this study,Semantic,Semi-automated,Tissue,
Otosclerosis under microCT: New insights into the disease and its anatomy,N/A,2022,10.3389/fradi.2022.965474,Method,Proof-of-concept,No,N/A,No,N/A,MicroCT,N/A,N/A,N/A,this study,Semantic,Semi-automated,Tissue,
A workflow for segmenting soil and plant X-ray computed tomography images with deep learning in Google's Colaboratory,N/A,2022,10.3389/fpls.2022.893140,Software,Proof-of-concept,Institutional - working,Institutional - working,Institutional - working,Github,MicroCT,zipped,zipped,zipped,this study,Semantic,Semi-automated,Tissue (plant),
Performance evaluation of segmentation methods for assessing the lens of the frog Thoropa miliaris from synchrotron-based phase-contrast micro-CT images,N/A,2022,10.1016/j.ejmp.2021.12.013,Method,Benchmarking,No,No,No,No,MicroCT,N/A,N/A,N/A,this study,Semantic,Semi-automated,Organ (animal),
High-resolution micro-CT for 3D infarct characterization and segmentation in mice stroke models,N/A,2022,10.1038/s41598-022-21494-9,Method,Proof-of-concept,No,N/A,No,N/A,MicroCT,N/A,N/A,N/A,this study,Semantic,Semi-automated,Tissue,
Cryo soft X-ray tomography to explore Escherichia coli nucleoid remodeling by Hfq master regulator,N/A,2022,10.1016/j.jsb.2022.107912,Biological,Quantitative morphometry,No,N/A,No,N/A,MicroCT,N/A,N/A,N/A,this study,Semantic,Semi-automated,Subcellular,
How Do Roots Interact with Layered Soils?,N/A,2022,10.3390/jimaging8010005,Biological,Quantitative morphometry,No,No,No,No,MicroCT,N/A,N/A,N/A,this study,Semantic,Automated,Tissue (plant),
Application of X-ray computed tomography to analyze the structure of sorghum grain,N/A,2022,10.1186/s13007-022-00837-7,Method,Proof-of-concept,No,No,No,No,MicroCT,N/A,N/A,N/A,this study,Semantic,Automated,Tissue (plant),
Standardized assessment of bone micromorphometry around teeth following orthodontic tooth movement : A µCT split-mouth study in mice,N/A,2022,10.1007/s00056-021-00336-9,Method,Quantitative morphometry,No,N/A,No,N/A,MicroCT,N/A,N/A,N/A,this study,Semantic,Semi-automated,Tissue,
Imaging local soil kinematics during the first days of maize root growth in sand,N/A,2021,10.1038/s41598-021-01056-1,Biological,Quantitative morphometry,No,N/A,No,N/A,MicroCT,N/A,N/A,N/A,this study,Semantic,Semi-automated,Organ (plant),
Three-Dimensional Vessel Segmentation in Whole-Tissue and Whole-Block Imaging Using a Deep Neural Network: Proof-of-Concept Study,N/A,2021,10.1016/j.ajpath.2020.12.008,Software,Proof-of-concept,No,No,No,No,MicroCT,N/A,N/A,N/A,this study,Semantic,Automated,Tissue,
Automated segmentation and description of the internal morphology of human permanent teeth by means of micro-CT,N/A,2021,10.1186/s12903-021-01551-x,Software,Proof-of-concept,Open Science Foundation,N/A,No,Zenodo,MicroCT,Any - accessed with API,N/A,N/A,this study,Semantic,Automated,Tissue (teeth),
Automated Histological Segmentation on Micro Computed Tomography Images of Atherosclerotic Arteries,N/A,2021,10.1016/j.ejvs.2021.01.012,Method,Proof-of-concept,No,No,No,No,MicroCT,N/A,N/A,N/A,this study,Semantic,Automated,Tissue,
Immunofluorescence-guided segmentation of three-dimensional features in micro-computed tomography datasets of human lung tissue,N/A,2021,10.1098/rsos.211067,Method,Proof-of-concept,Institutional - working,N/A,Institutional - working,Supplementary Info,MicroCT,tiff,N/A,tiff,this study,Semantic,Semi-automated,Tissue,
Comparison of high-resolution magnetic resonance imaging and micro-computed tomography arthrography for in-vivo assessment of cartilage in non-human primate models,N/A,2021,10.21037/qims-20-116,Method,Quantitative morphometry,No,N/A,No,N/A,MicroCT,N/A,N/A,N/A,this study,Semantic,Semi-automated,Tissue,
Using µCT in live larvae of a large wood-boring beetle to study tracheal oxygen supply during development,N/A,2021,10.1016/j.jinsphys.2021.104199,Biological,Quantitative morphometry,No,N/A,No,N/A,MicroCT,N/A,N/A,N/A,this study,Semantic,Semi-automated,Tissue,
Learning and Segmenting Dense Voxel Embeddings for 3D Neuron Reconstruction,N/A,2021,10.1109/TMI.2021.3097826,Software,Proof-of-concept,Requires separate search (SNEMI3D),No,No,No,ssSEM,tiff,N/A,N/A,public challenge,Instance,Automated,Tissue,
X-ray microtomography-based atlas of mouse cranial development,N/A,2021,10.1093/gigascience/giab012,Dataset,Quantitative morphometry,GigaScience,N/A,GigaScience,N/A,MicroCT,tiff,N/A,tiff,this study,Semantic,Manual,Tissue,
Quantitative analysis of bone microvasculature in a mouse model using the monogenic signal phase asymmetry and marker-controlled watershed,N/A,2021,10.1088/1361-6560/ac047d,Software,Proof-of-concept,No,N/A,No,N/A,MicroCT,N/A,N/A,N/A,this study,Semantic,Semi-automated,Tissue,
Novel strategies for the characterization of cancellous bone morphology: Virtual isolation and analysis,N/A,2021,10.1002/ajpa.24272,Software,Proof-of-concept,No,N/A,No,Github,MicroCT,N/A,N/A,N/A,this study,Semantic,Semi-automated,Tissue,
An improved method for the segmentation of roots from X-ray computed tomography 3D images: Rootine v.2,N/A,2021,10.1186/s13007-021-00735-4,Software,Quantitative morphometry,Some (Institutional - working),N/A,No,Institutional - working,MicroCT,raw,N/A,N/A,this study,Semantic,Semi-automated,Organ (plant),
Microstructure Determines Apparent-Level Mechanics Despite Tissue-Level Anisotropy and Heterogeneity of Individual Plates and Rods in Normal Human Trabecular Bone,N/A,2021,10.1002/jbmr.4338,Biological,Quantitative morphometry,No,N/A,No,N/A,MicroCT,N/A,N/A,N/A,this study,Semantic,Semi-automated,Tissue (bone),
Automated analysis of rabbit knee calcified cartilage morphology using micro-computed tomography and deep learning,N/A,2021,10.1111/joa.13435,Software,Proof-of-concept,No,No,No,Github,MicroCT,N/A,N/A,N/A,this study,Semantic,Automated,Tissue (bone),
Clinical insights into the three-dimensional anatomy of cheek teeth in alpacas based on micro-computed tomography. Part 1: mandibular cheek teeth,N/A,2021,10.1186/s12917-021-03038-x,Biological,Quantitative morphometry,No,N/A,No,N/A,MicroCT,N/A,N/A,N/A,this study,Semantic,Unclear,Tissue (dental),
Digitally deconstructing leaves in 3D using X-ray microcomputed tomography and machine learning,N/A,2020,10.1002/aps3.11380,Software,Proof-of-concept,Zenodo,Zenodo,Zenodo,Github,MicroCT,zipped,tiff,zipped,this study,Semantic,Automated,Organ (plant),
Synchrotron-based phase-contrast micro-CT as a tool for understanding pulmonary vascular pathobiology and the 3-D microanatomy of alveolar capillary dysplasia,N/A,2020,10.1152/ajplung.00103.2019,Method,Proof-of-concept,No,N/A,No,N/A,MicroCT,N/A,N/A,N/A,this study,Instance,Manual,Tissue,
Introducing Biomedisa as an open-source online platform for biomedical image segmentation,N/A,2020,10.1038/s41467-020-19303-w,Software,Proof-of-concept,Own website - defunct,N/A,N/A,Github,MicroCT,N/A,N/A,N/A,unclear,Semantic,Semi-automated,All,
Phase-contrast 3D tomography of HeLa cells grown in PLLA polymer electrospun scaffolds using synchrotron X-rays,N/A,2020,10.1107/S1600577519015583,Method,Proof-of-concept,No,N/A,No,N/A,MicroCT,N/A,N/A,N/A,this study,Instance,Semi-automated,Cellular,
Three-dimensional imaging of mitochondrial cristae complexity using cryo-soft X-ray tomography,N/A,2020,10.1038/s41598-020-78150-3,Biological,Quantitative morphometry,No,N/A,No,N/A,MicroCT,N/A,N/A,N/A,this study,Instance,Semi-automated,Subcellular,
Fin ray patterns at the fin-to-limb transition,N/A,2020,10.1073/pnas.1915983117,Biological,Quantitative morphometry,MorphoSource,N/A,No,N/A,MicroCT,Unclear,N/A,N/A,this study,Instance,Semi-automated,Organ (fossil),
Visual Correspondences for Unsupervised Domain Adaptation on Electron Microscopy Images,N/A,2020,10.1109/TMI.2019.2946462,Software,Proof-of-concept,Some (Github),Some (Github),No,No,ssTEM,tiff,png,N/A,"public data, unclear",Semantic,Automated,"Subcellular, cellular",
Synchrotron microtomography applied to the volumetric analysis of internal structures of Thoropa miliaris tadpoles,N/A,2020,10.1038/s41598-020-75993-8,Method,Proof-of-concept,No,N/A,No,N/A,MicroCT,N/A,N/A,N/A,this study,Semantic,Semi-automated,Tissue,
MicroCT optimisation for imaging fascicular anatomy in peripheral nerves,N/A,2020,10.1016/j.jneumeth.2020.108652,Method,Quantitative morphometry,No,N/A,No,N/A,MicroCT,N/A,N/A,N/A,this study,Instance,Semi-automated,Tissue (connectomics),
Insecticide exposure during brood or early-adult development reduces brain growth and impairs adult learning in bumblebees,N/A,2020,10.1098/rspb.2019.2442,Biological,Quantitative morphometry,No,N/A,No,No,MicroCT,N/A,N/A,N/A,this study,Instance,Manual,Tissue (connectomics),
Structural and hemodynamic properties of murine pulmonary arterial networks under hypoxia-induced pulmonary hypertension,N/A,2020,10.1177/0954411920944110,Biological,Quantitative morphometry,No,N/A,No,No,MicroCT,N/A,N/A,N/A,this study,Semantic,Semi-automated,Tissue,
Visualization of Toyoura sand-grown plant roots by X-ray computer tomography,N/A,2020,10.5511/plantbiotechnology.20.0819a,Method,Proof-of-concept,No,N/A,No,N/A,MicroCT,N/A,N/A,N/A,this study,Semantic,Manual,Organ (plant),
Quantitative characterization of rodent feto-placental vasculature morphology in micro-computed tomography images,N/A,2019,10.1016/j.cmpb.2019.104984,Software,Quantitative morphometry,No,N/A,No,Github,MicroCT,N/A,N/A,N/A,this study,Semantic,Semi-automated,Tissue,
Three-dimensional reconstruction of internal fascicles and microvascular structures of human peripheral nerves,N/A,2019,10.1002/cnm.3245,Software,Proof-of-concept,No,No,No,No,MicroCT,N/A,N/A,N/A,this study,Instance,Automated,Tissue,
Measurement-oriented deep-learning workflow for improved segmentation of myelin and axons in high-resolution images of human cerebral white matter,N/A,2019,10.1016/j.jneumeth.2019.108373,Software,Proof-of-concept,No,No,No,Github,EM,N/A,N/A,N/A,this study,Instance,Automated,Tissue (connectomics),Acquired for this study as pilot for larger biological study
Structural coronary artery remodelling in the rabbit fetus as a result of intrauterine growth restriction,N/A,2019,10.1371/journal.pone.0218192,Biological,Quantitative morphometry,No,N/A,Zenodo,N/A,MicroCT,N/A,N/A,h5,this study,Instance,Semi-automated,Tissue,
Automatic Segmentation of Pathological Glomerular Basement Membrane in Transmission Electron Microscopy Images with Random Forest Stacks,N/A,2019,10.1155/2019/1684218,Software,Proof-of-concept,No,No,No,No,TEM,N/A,N/A,N/A,this study,Semantic,Automated,Tissue,
Ex vivo evaluation of an atherosclerotic human coronary artery via histology and high-resolution hard X-ray tomography,N/A,2019,10.1038/s41598-019-50711-1,Method,Quantitative morphometry,No,N/A,No,N/A,MicroCT,N/A,N/A,N/A,this study,Semantic,Semi-automated,Tissue,
Along-axon diameter variation and axonal orientation dispersion revealed with 3D electron microscopy: implications for quantifying brain white matter microstructure with histology and diffusion MRI,N/A,2019,10.1007/s00429-019-01844-6,Method,Quantitative morphometry,No,No,No,No,ssSEM,N/A,N/A,N/A,this study,Instance,Semi-automated,Tissue (connectomics),
Development of a contrast-enhanced micro computed tomography protocol for the oval squid (Sepioteuthis lessoniana) brain,N/A,2019,10.1002/jemt.23363,Method,Proof-of-concept,No,N/A,No,N/A,MicroCT,N/A,N/A,N/A,this study,Semantic,Semi-automated,Tissue (connectomics),
Measurement error in μCT-based three-dimensional geometric morphometrics introduced by surface generation and landmark data acquisition,N/A,2019,10.1111/joa.12999,Software,Proof-of-concept,No,N/A,No,N/A,MicroCT,N/A,N/A,N/A,this study,Semantic,Semi-automated,Tissue,
Anatomical danger zone reconsidered: a micro-CT study on dentine thickness in mandibular molars,N/A,2019,10.1111/iej.13141,Biological,Quantitative morphometry,No,N/A,No,N/A,MicroCT,N/A,N/A,N/A,this study,Semantic,Automated,Tissue (teeth),
Commonality in the microarchitecture of trabecular bone: A preliminary study,N/A,2018,10.1016/j.bone.2018.03.003,Biological,Quantitative morphometry,No,N/A,No,N/A,MicroCT,N/A,N/A,N/A,this study,Instance,Automated,Tissue (bone),
Three-dimensional and non-destructive characterization of nerves inside conduits using laboratory-based micro computed tomography,N/A,2018,10.1016/j.jneumeth.2017.11.005,Method,Proof-of-concept,No,N/A,No,N/A,MicroCT,N/A,N/A,N/A,this study,Semantic,Semi-automated,Tissue (connectomics),
Longitudinal micro-CT as an outcome measure of interstitial lung disease in TNF-transgenic mice,N/A,2018,10.1371/journal.pone.0190678,Method,Quantitative morphometry,No,N/A,No,N/A,MicroCT,N/A,N/A,N/A,this study,Semantic,Semi-automated,Tissue (lung),
Skeletal unit construction of rat mandible based on the masticatory muscle anatomy and double microcomputed tomography,N/A,2018,10.1111/ahe.12374,Biological,Qualitative visualisation,No,N/A,No,N/A,MicroCT,N/A,N/A,N/A,this study,Semantic,Unclear,Tissue (small animal),
TopoAngler: Interactive Topology-Based Extraction of Fishes,N/A,2018,10.1109/TVCG.2017.2743980,Software,Proof-of-concept,ScanAllFish,N/A,ScanAllFish,No,MicroCT,various,N/A,stl,public data,Semantic,Semi-automated,Organ (fish),
Assessment of automatic segmentation of teeth using a watershed-based method,N/A,2018,10.1259/dmfr.20170220,Method,Quantitative morphometry,No,N/A,No,N/A,MicroCT,N/A,N/A,N/A,this study,Semantic,Semi-automated,Tissue (teeth),
"Hard X-Ray Nanoholotomography: Large-Scale, Label-Free, 3D Neuroimaging beyond Optical Limit",N/A,2018,10.1002/advs.201700694,Method,Proof-of-concept,No,N/A,No,N/A,MicroCT,N/A,N/A,N/A,this study,Semantic,Semi-automated,"Cellular, subcellular ",
"Developmental morphology of cover crop species exhibit contrasting behaviour to changes in soil bulk density, revealed by X-ray computed tomography",N/A,2017,10.1371/journal.pone.0181872,Biological,Quantitative morphometry,No,N/A,No,N/A,MicroCT,N/A,N/A,N/A,this study,Semantic,Automated,Tissue (plant),
Impaired periodontium and temporomandibular joints in tumour necrosis factor-α transgenic mice,N/A,2017,10.1111/jcpe.12799,Biological,Quantitative morphometry,No,N/A,No,N/A,MicroCT,N/A,N/A,N/A,this study,Semantic,Manual,Tissue (bone),
Evaluation of bone formation in calcium phosphate scaffolds with μCT-method validation using SEM,N/A,2017,10.1088/1748-605X/aa801d,Software,Quantitative morphometry,No,N/A,No,N/A,MicroCT,N/A,N/A,N/A,this study,Semantic,Automated,Tissue (bone),
A Novel Mouse Segmentation Method Based on Dynamic Contrast Enhanced Micro-CT Images,N/A,2017,10.1371/journal.pone.0169424,Method,Proof-of-concept,No,N/A,Dryad,N/A,MicroCT,N/A,N/A,rar,this study,Semantic,Semi-automated,Organ (mouse),
An image processing and analysis tool for identifying and analysing complex plant root systems in 3D soil using non-destructive analysis: Root1,N/A,2017,10.1371/journal.pone.0176433,Software,Proof-of-concept,Institutional - working,N/A,No,Not anymore (ImageJ website),MicroCT,raw,N/A,N/A,this study,Semantic,Semi-automated,Tissue (plant),
A segmentation and classification scheme for single tooth in MicroCT images based on 3D level set and k-means+,N/A,2017,10.1016/j.compmedimag.2016.05.005,Software,Proof-of-concept,No,N/A,No,N/A,MicroCT,N/A,N/A,N/A,this study,Semantic,Automated,Tissue (dental),
Volume Segmentation and Analysis of Biological Materials Using SuRVoS (Super-region Volume Segmentation) Workbench,"EMD-6471, EMD-6472, EMD-6473",2017,10.3791/56162,Software,Proof-of-concept,"EMDB, Kaggle",No,No,Github,"MicroCT, CryoET",map,N/A,N/A,other studies from group,Semantic/Instance,Semi-automated,"Tissue, cellular, Subcellular",
MicroCT angiography detects vascular formation and regression in skin wound healing,N/A,2016,10.1016/j.mvr.2016.03.006,Biological,Quantitative morphometry,No,N/A,No,N/A,MicroCT,N/A,N/A,N/A,this study,Semantic,Semi-automated,Tissue (vascular),
Characterizing microcrack orientation distribution functions in osteonal bone samples,N/A,2016,10.1111/jmi.12440,Method,Quantitative morphometry,Requires separate search (SNEMI3D),N/A,No,Supplementary Info,MicroCT,tiff,N/A,N/A,this study,Instance,Automated,Tissue (bone),
Micro-CT evaluation of the radioprotective effect of resveratrol on the mandibular incisors of irradiated rats,N/A,2016,10.1590/1807-3107BOR-2016.vol30.0168,Biological,Quantitative morphometry,No,N/A,No,N/A,MicroCT,N/A,N/A,N/A,this study,Semantic,Manual,Tissue (dental),
Random walks with shape prior for cochlea segmentation in ex vivo μCT,N/A,2016,10.1007/s11548-016-1365-8,Software,Proof-of-concept,No,No,No,No,MicroCT,N/A,N/A,N/A,unclear,Semantic,Automated,Organ (cochlear),
Morphological Characterization of Acinar Cluster in Mouse Lung Using a Multiscale-based Segmentation Algorithm on Synchrotron Micro-CT Images,N/A,2016,10.1002/ar.23452,Biological,Quantitative morphometry,No,N/A,No,N/A,MicroCT,N/A,N/A,N/A,this study,Instance,Semi-automated,Tissue (lung),
Micro-computed tomography in murine models of cerebral cavernous malformations as a paradigm for brain disease,N/A,2016,10.1016/j.jneumeth.2016.06.021,Method,Quantitative morphometry,No,N/A,No,N/A,MicroCT,N/A,N/A,N/A,this study,Semantic,Semi-automated,Tissue (connectomics),
Three dimensional imaging of paraffin embedded human lung tissue samples by micro-computed tomography,N/A,2015,10.1371/journal.pone.0126230,Method,Quantitative morphometry,No,N/A,No,No,MicroCT,N/A,N/A,N/A,this study,Semantic,Semi-automated,Tissue (lung),
Distinct Tissue Mineral Density in Plate- and Rod-like Trabeculae of Human Trabecular Bone,N/A,2015,10.1002/jbmr.2498,Software,Quantitative morphometry,No,N/A,No,No,MicroCT,N/A,N/A,N/A,this study,Semantic,Automated,Tissue (bone),
Development and optimization of a high-throughput micro-computed tomography imaging method incorporating a novel analysis technique to evaluate bone mineral density of arthritic joints in a rodent model of collagen induced arthritis,N/A,2015,10.1016/j.bone.2014.11.014,Method,Quantitative morphometry,No,N/A,No,N/A,MicroCT,N/A,N/A,N/A,this study,Semantic,Semi-automated,Tissue (bone),
3D imaging of a rice pollen grain using transmission X-ray microscopy,N/A,2015,10.1107/S1600577515009716,Method,Qualitative visualisation,No,N/A,No,N/A,MicroCT,N/A,N/A,N/A,this study,Semantic,Manual,"Cellular, Subcellular",
Novel X-ray phase-contrast tomography method for quantitative studies of heat induced structural changes in meat,N/A,2015,10.1016/j.meatsci.2014.10.009,Method,Quantitative morphometry,No,N/A,No,N/A,MicroCT,N/A,N/A,N/A,this study,Semantic,Semi-automated,Tissue,
Trabecular plates and rods determine elastic modulus and yield strength of human trabecular bone,N/A,2015,10.1016/j.bone.2014.11.006,Software,Quantitative morphometry,No,N/A,No,N/A,MicroCT,N/A,N/A,N/A,this study,Semantic,Automated,Tissue (bone),
Time-lapse X-ray phase-contrast microtomography for in vivo imaging and analysis of morphogenesis,N/A,2014,10.1038/nprot.2014.033,Method,Proof-of-concept,No,N/A,No,No,MicroCT,N/A,N/A,N/A,this study,Semantic,Manual,Cellular,
Dynamic contrast-enhanced micro-computed tomography correlates with 3-dimensional fluorescence ultramicroscopy in antiangiogenic therapy of breast cancer xenografts,N/A,2014,10.1097/RLI.0000000000000038,Biological,Quantitative morphometry,No,N/A,No,No (proprietary),MicroCT,N/A,N/A,N/A,this study,Instance,Automated,Tissue (vascular),
Comparison of 4D-microSPECT and microCT for murine cardiac function,N/A,2014,10.1007/s11307-013-0686-z,Method,Quantitative morphometry,No,N/A,No,N/A,MicroCT,N/A,N/A,N/A,this study,Semantic,Semi-automated,Tissue,
Reconstruction of cochlea based on micro-CT and histological images of the human inner ear,N/A,2014,10.1155/2014/485783,Software,Qualitative visualisation,No,N/A,No,No,MicroCT,N/A,N/A,N/A,this study,Semantic,Manual,Tissue (cochlea),
Influence of segmentation on micro-CT images of trabecular bone,N/A,2014,10.1111/jmi.12159,Software,Quantitative morphometry,No,N/A,No,No,MicroCT,N/A,N/A,N/A,this study,Semantic,Automated,Tissue (bone),
3D assessment of cortical bone porosity and tissue mineral density using high-resolution µCT: effects of resolution and threshold method,N/A,2014,10.1002/jbmr.2012,Software,Quantitative morphometry,No,N/A,No,N/A,MicroCT,N/A,N/A,N/A,this study,Semantic,Automated,Tissue (bone),
Reliable estimation of membrane curvature for cryo-electron tomography,"EMD-10765, EMD-10766, EMD-10767",2020,10.1371/journal.pcbi.1007962,Software,Quantitative morphometry,EMDB,N/A,EMDB,Github,Cryo-ET,map,N/A,map,this study,Semantic,Semi-automated,Cellular,Good data but indirect to access as EMDB is set up for maps not segmentations
Cryo-Electron Tomography Reveals the Complex Ultrastructural Organization of Multicellular Filamentous Chloroflexota (Chloroflexi) Bacteria,"EMD-10806, EMD-10808",2020,10.3389/fmicb.2020.01373,Biological,"Quantitative morphometry, STA",EMDB,N/A,No,N/A,Cryo-ET,map,N/A,N/A,this study,Instance,Manual,Sub-cellular,
In situ cryo-electron tomography reveals gradient organization of ribosome biogenesis in intact nucleoli,"EMD-11047, EMD-11047, EMD-11048, EMD-11043, EMD-11044, EMD-11045",2021,10.1038/s41467-021-25413-w,Biological,Qualitative visualisation,EMDB,N/A,No,N/A,Cryo-ET,map,N/A,N/A,this study,STA,Semi-automated,"STA, sub-cellular",Segmented membranes with membseg2 but only STA data is available
Visualizing the molecular sociology at the HeLa cell nuclear periphery,"EMD-8054, EMD-8055, EMD-8056, EMD-8057, EMD-11992",2016,10.1126/science.aad8857,Method,Quantitative morphometry,EMDB,N/A,EMDB,N/A,Cryo-ET,map,N/A,map,this study,"Semantic, STA",Manual,Sub-cellular,No desription of which mask = which class. Mix of filaments segmented semi-automatically and STA structures of ribosomes
Molecular mechanisms of stress-induced reactivation in mumps virus condensates,"EMD-13165, EMD-13166, EMD-13167",2023,10.1016/j.cell.2023.03.015,Biological,"Quantitative morphometry, STA",EMDB,No,EMDB,N/A,Cryo-ET,map,N/A,map,this study,Semantic,Automated,"Sub-cellular, STA",
In vivo Architecture of the Polar Organizing Protein Z (PopZ) Meshwork in the Alphaproteobacteria Magnetospirillum gryphiswaldense and Caulobacter crescentus.,"EMD-14021, EMD-14022, EMPIAR-10885",2021,10.1016/j.jmb.2021.167423,Biological,Quantitative morphometry,EMDB,N/A,EMDB,No,Cryo-ET,map,N/A,map,this study,Semantic,Semi-automated,Sub-cellular,Mentions that the automated membrane segmentation (TomoSegMemTV) was refined manually in Amira
Convolutional networks for supervised mining of molecular patterns within cellular context,"EMD-16136, EMPIAR-10988, EMPIAR-10989",2023,10.1038/s41592-022-01746-2,Software,Software proof-of-concept,"EMDB, EMPIAR",EMPIAR,"EMDB, EMPIAR",Github,Cryo-ET,"mrc, tiff",mrc,mrc,"this study, other studies from group",Semantic,Manual,Sub-cellular,DeePiCt paper - filaments in RPE1
Cryogenic single-molecule fluorescence annotations for electron tomography reveal in-situ organisation of key proteins in Caulobacter,EMD-21706,2020,10.1073/pnas.2001849117,Method,Proof-of-concept,EMDB,N/A,No,N/A,Cryo-ET & fluor,map,N/A,N/A,this study,Semantic,Semi-automated,Sub-cellular,Just the tomograms here
Cryo-ET of Toxoplasma parasites gives subnanometer insight into tubulin-based structures,EMD-26007,2022,10.1073/pnas.2111661119,Biological,Qualitative visualisation; STA,EMDB,N/A,No,N/A,Cryo-ET,map,N/A,N/A,this study,Semantic,Semi-automated,Sub-cellular,Did a visualisation segmentation but also mentions segmenting a STA map
Identifying the core genome of the nucleus-forming bacteriophage family and characterization of Erwinia phage RAY,EMPIAR-11198,2023,10.1101/2023.02.24.529968,Biological,Qualitative visualisation; STA,EMPIAR,N/A,N/A,N/A,Cryo-ET,tiff,N/A,N/A,this study,Semantic,Manual,Sub-cellular,
"Structure of the Flight Muscle Thick Filament from the Bumble Bee, Bombus ignitus, at 6 Å Resolution",EMD-28208,2023,10.3390/ijms24010377,Biological,STA,No,N/A,N/A,N/A,Cryo-EM,N/A,N/A,N/A,this study,STA,N/A,STA,"Refers to the structure from SPA as a ""reconstruction"" and there is something called a ""segmented flightin density"" - look closer at the meanings"
Assembly landscape for the bacterial large ribosomal subunit,EMD-405xx (64 maps),2023,10.1038/s41467-023-40859-w,Biological,SPA,EMDB,N/A,N/A,N/A,Cryo-EM,map,N/A,N/A,this study,SPA,N/A,SPA,Segmentation here is of the maps that have been averaged in SPA (I think?)
Postmitotic nuclear pore assembly proceeds by radial dilation of small membrane openings,"EMPIAR-10100, EMPIAR-10101, EMPIAR-10102, EMPIAR-10103, EMPIAR-10104, EMPIAR-10105",2017,10.1038/s41594-017-0001-9,Biological,Quantitative morphometry,EMPIAR,No,No,No,FIB SEM,tiff,N/A,N/A,this study,Semantic,"Manual, semi-automated",Subcellular,"Segmentation masks not uploaded, only raw data. Measurements made from segmentations downloadable from paper supp data."
A collection of yeast cellular electron cryotomography data,EMPIAR-10227,2019,10.1093/gigascience/giz077,Dataset,Benchmarking,EMPIAR,N/A,No,N/A,Cryo-ET,mrc,N/A,N/A,other studies from group,Unsure,Unsure,Subcellular,"There is a text link to a Google Drive folder for segmentations but I couldn't find them there?, only tilt series are included in the EMPIAR entry. This paper was a collection of previously published datasets. comprehensive evaluation of dataset quality in the Drive spreadsheet. EDIT 9/7: THEIR ""ANNOTATIONS"" MEANS THEIR COMMENTS ON THE DATASETS..."
The zebrafish as a novel model for the in vivo study of Toxoplasma gondii replication and interaction with macrophages,EMPIAR-10463,2020,10.1242/dmm.043091,Biological,Qualitative visualisation,EMPIAR,N/A,EMPIAR,N/A,SBF SEM,dm4,N/A,tiff,this study,Semantic,Manual,Tissue,
The Subcellular Proteome of a Planctomycetes Bacterium Shows That Newly Evolved Proteins Have Distinct Fractionation Patterns,"EMPIAR-10553, EMPIAR-10554",2021,10.3389/fmicb.2021.643045,Biological,Qualitative visualisation,EMPIAR,N/A,EMPIAR,N/A,FIB SEM,tiff,N/A,mod,this study,Semantic,Manual,Subcellular,
Regulation of liver subcellular architecture controls metabolic homeostasis,EMPIAR-10791,2022,10.1038/s41586-022-04488-5,Biological,Quantitative morphometry,EMPIAR,No,EMPIAR,Github,FIB SEM,tiff,N/A,tiff,this study,Semantic,Semi-automated,Subcellular,Manual annotations also provided
Near-native state imaging by cryo-soft-X-ray tomography reveals remodelling of multiple cellular organelles during HSV-1 infection,EMPIAR-10972,2022,10.1101/2021.10.11.463900,Method,Quantitative morphometry,EMPIAR,N/A,No,N/A,Soft XCT,mrc,N/A,N/A,this study,Semantic,Semi-automated,Cellular,
A surface morphometrics toolkit to quantify organellar membrane ultrastructure using cryo-electron tomography,"EMPIAR-11370, CZI 10010",2023,10.1101/2022.01.23.477440,Software,Quantitative morphometry,EMPIAR,N/A,CZII Cryo ET Data Portal,Github,Cryo-ET,"mrc, Any - accessed with API",N/A,Any - accessed with API,this study,Semantic,Semi-automated,Subcellular,Says that the segmentations are available on EMPIAR-11370 but as far as I can tell there's only the raw data
Light and electron microscopy continuum-resolution imaging of 3D cell cultures,EMPIAR-11380,2023,10.1016/j.devcel.2023.03.001 ,Method,Quantitative morphometry,EMPIAR,No,EMPIAR,N/A,FIB SEM,mrc,N/A,mrc,this study,Instance,Semi-automated,Subcellular,
Targeted volume Correlative Light and Electron Microscopy of an environmental marine microorganism,EMPIAR-11399,2023,10.1101/2023.01.27.525698,Method,Quantitative morphometry,EMPIAR,N/A,Mobie,Github,FIB SEM,tiff,N/A,n5,this study,Semantic,Unclear,Subcellular,"EMPIAR link only contains raw data, segmentations are on GitHub, includes instructions to view in a Fiji plugin Mobie. Very little info on segmentation method"
Microtubule depolymerization contributes to spontaneous neurotransmitter release in vitro,EMPIAR-11445,2023,10.1038/s42003-023-04779-1,Biological,Quantitative morphometry,EMPIAR,N/A,EMPIAR,N/A,Electron Tomography,mrc,N/A,mod,this study,Semantic,Semi-automated,Subcellular,"Very little detail about segmentation method, just the software that was used."
Whole-cell organelle segmentation in volume electron microscopy,"jrc_macrophage-2, jrc_hela-3, jrc_jurkat-1, jrc_hela-2,  jrc_hela-1, jrc_choroid-plexus-2, jrc_cos7-11, jrc_sum159-1,",2021,10.1038/s41586-021-03977-3,Dataset,Quantitative morphometry,OpenOrganelle,OpenOrganelle,OpenOrganelle,Github,FIB SEM,Any - accessed with API,Any - accessed with API,Any - accessed with API,this study,Semantic,"Manual, automated",Subcellular,"Includes ground truth annotations used for training and validation for some of the datasets, the predictions and refined predictions (called segmentation) for all"
Architecture and dynamics of a desmosome–endoplasmic reticulum complex,"aic_desmosome-2, aic-desmosome-3",2023,10.1038/s41556-023-01154-4,Biological,Quantitative morphometry,OpenOrganelle,OpenOrganelle,OpenOrganelle,Zenodo,FIB SEM,Any - accessed with API,Any - accessed with API,Any - accessed with API,this study,Semantic,"Manual, automated",Subcellular,
"ER-to-Golgi protein delivery through an interwoven, tubular network extending from ER","jrc_hela-bfa, jrc_hela-21, jrc_hela-22, jrc_hela-h89-1, jrc_hela-h89-2, jrc_hela-1, jrc_hela-2, jrc_hela-3",2021,10.1016/j.cell.2021.03.035,Biological,Quantitative morphometry,OpenOrganelle,N/A,OpenOrganelle,N/A,FIB SEM,Any - accessed with API,N/A,Any - accessed with API,"this study, other studies from group",Semantic,Semi-automated,Subcellular,
"Three-dimensional reconstructions of mechanosensory end organs suggest a unifying mechanism underlying dynamic, light touch","jrc_mus-guard-hair-follicle, jrc_mus-meissner-corpuscle-1, jrc_mus-meissner-corpuscle-2, jrc_mus-pacinian-corpuscle",2023,10.1016/j.neuron.2023.08.023,Biological,Qualitative visualisation,OpenOrganelle,No,OpenOrganelle,No,FIB SEM,Any - accessed with API,N/A,Any - accessed with API,this study,Semantic,Automated,Subcellular,
An open-access volume electron microscopy atlas of whole cells and tissues,"jrc_mus-epididymis-1, jrc_muls-epididymis-2, jrc_fly-acc-calyx-1, jrc_ctl-id8-1, jrc_fly-fsb-1",2021,10.1038/s41586-021-03992-4,Method,Proof-of-concept,OpenOrganelle,N/A,OpenOrganelle,N/A,FIB SEM,Any - accessed with API,N/A,Any - accessed with API,this study,Semantic,Unclear,Subcellular,Method paper for the FIB-SEM imaging for many of the OpenOrganelle papers
3D FIB-SEM reconstruction of microtubule–organelle interaction in whole primary mouse β cells ,jrc_mus-pancreas-1,2020,10.1083/jcb.202010039,Method,Quantitative morphometry,OpenOrganelle,No,"OpenOrganelle, Institutional (working)",ImageJ plugin,FIB SEM,Any - accessed with API,N/A,Any - accessed with API,this study,Instance,Semi-automated,Subcellular,
